input,target
"Player 1 plays Hog Rider on the right lane.","Hog Rider dashes in from the right — Player 1 is launching a quick assault!"
"Player 2 uses Fireball to target minions!","Boom! Player 2 wipes out the minions with a blazing Fireball!"
"Player 1's left tower takes 800 damage!","Ouch! Player 1's left tower gets hammered with 800 damage!"
"Player 2 plays P.E.K.K.A on the left lane.","P.E.K.K.A stomps in on the left — heavy defense from Player 2!"
"Player 1 destroys the right tower!","Massive push! Player 1 destroys the right-side tower!"
"Game over! Player 1 emerges victorious!","And it’s all over! Player 1 claims the win in style!"
"Player 2 plays Baby Dragon on the center lane.","The Baby Dragon flies in — Player 2’s going aerial!"
"Player 1 casts Zap on Skeleton Army!","Zap! Player 1 instantly clears the Skeleton Army!"
"Player 2's right tower takes 500 damage!","That’s 500 off the right tower — Player 2 is under pressure!"
"Player 1 deploys Royal Giant at the back.","Royal Giant enters the arena — Player 1 planning a slow push!"
"Player 2 drops Mini P.E.K.K.A on the right lane.","Mini P.E.K.K.A hits the right lane — fast and deadly!"
"Player 1 uses Tornado to pull troops to the center!","Tornado swirl! Player 1 pulls everything into the kill zone!"
"Player 2’s left tower takes 900 damage!","Big damage! Player 2’s left tower loses 900 HP!"
"Player 1 plays Electro Wizard in the center.","Electro Wizard zaps in — Player 1’s setting up control!"
"Player 2 destroys the left tower!","Tower down! Player 2 evens the match with a left-lane takedown!"
"Game over! Player 2 emerges victorious!","That's the end! Player 2 turns the tide and wins it!"
"Player 1 casts Lightning on Musketeer and Tower!","Shocking move! Lightning strikes both the Musketeer and the tower!"
"Player 2 counters with Goblin Gang on the left.","Goblin Gang floods in — a quick response by Player 2!"
"Player 1 drops Giant in the back.","Here comes the Giant lumbering from the back — a big push incoming!"
"Player 2 uses Log to clear the swarm.","The Log rolls through — perfect swarm clear by Player 2!"
"Player 2 plays Mega Minion on the left lane.","Mega Minion takes flight on the left — Player 2 wants air control!"
"Player 1 uses Arrows to clear the backline!","Swift shot! Arrows clean up the squishy troops!"
"Player 2's King Tower takes 300 damage!","Chip damage on the King Tower — Player 2 needs to defend tighter!"
"Player 1 plays Lumberjack at the bridge.","Lumberjack charges in from the bridge — rage incoming!"
"Player 2 places Inferno Tower in the center.","Inferno Tower is up — solid defense by Player 2!"
"Player 1 logs the Princess!","The Princess is gone! Player 1 times The Log perfectly!"
"Player 2 cycles Ice Spirit at the back.","Quick cycle start — Ice Spirit in the rear by Player 2!"
"Player 1 plays Graveyard on the tower.","Skeletons are rising — Graveyard pressure from Player 1!"
"Player 2 drops Cannon Cart in the center.","Cannon Cart placed — defense and offense rolled into one!"
"Player 1 uses Freeze on defense.","Everything is frozen — clutch Freeze by Player 1!"
"Player 2 activates King Tower with Tornado.","Smart Tornado — Player 2 pulls troops into the King Tower!"
"Player 1 deploys Valkyrie near the bridge.","Valkyrie spins into action — a strong counter from Player 1!"
"Player 2 sends Miner to the back of tower.","Sneaky Miner! Player 2 targets the backline of Player 1's tower!"
"Player 1's right tower takes 650 damage!","That’s a solid hit! 650 damage on Player 1's right tower!"
"Player 2 plays Goblin Barrel on the left tower.","Goblin Barrel incoming! Can Player 1 defend it in time?"
"Player 1 uses Poison to control the lane.","Toxic control — Poison spreads across the battlefield!"
"Player 2 drops Bandit at the bridge.","Bandit dashes in with intent — pressure play by Player 2!"
"Player 1 places Tesla in the middle.","Tesla’s up — Player 1 is playing reactive!"
"Player 2 sends Royal Hogs on both lanes.","Split push with Royal Hogs! Player 2’s going wide!"
"Player 1 counters with Dark Prince.","Dark Prince charges in — ready to soak and strike!"
"Player 2 casts Earthquake on buildings.","Rumble from below! Earthquake targets the defenses!"
"Player 1 uses Barbarian Barrel on defense.","Barbarian Barrel clears the push — clean response from Player 1!"
"Player 2 plays Skeleton Army on the right.","Skeleton Army surrounds the enemy — classic swarm tactic!"
"Player 1 drops Firecracker behind the tower.","Firecracker lines up a shot from the back — long-range firepower!"
"Player 2 cycles back to Fireball.","Fireball again — Player 2 is keeping the pressure on!"
"Player 1 activates King Tower with Tornado.","Big brain play! Tornado triggers the King Tower for Player 1!"
"Player 2 plays Zappies to slow the push.","Zappies enter the arena — Player 2 looking for control!"
"Player 1 uses Rage on his troops.","Troops are enraged! Player 1 speeds things up!"
"Player 2 counters the push with Bowler.","Bowler rolls through the push — what a strong answer!"
"Game over! It's a draw!","Neither player could break through — it's a hard-fought draw!"
"Player 1 plays Musketeer at the back.","Musketeer enters calmly from the back — Player 1 preparing for a push!"
"Player 2 uses Fire Spirits at the bridge.","Fire Spirits leap forward — Player 2 looking for chip damage!"
"Player 1 counters with Ice Golem in the center.","Ice Golem tanks the hits — cool and calculated defense!"
"Player 2 places Elixir Collector behind the tower.","Elixir Collector is down — Player 2 plans a long game!"
"Player 1 cycles Skeletons to reset.","Tiny Skeletons join the field — quick cycle by Player 1!"
"Player 2 drops Dart Goblin on the right lane.","Dart Goblin locks on — precise play by Player 2!"
"Player 1 uses Mirror to replay Hog Rider!","Double trouble! Another Hog Rider charges in thanks to Mirror!"
"Player 2 activates King Tower with Skeleton Barrel.","Well-placed Barrel! Player 2 activates the King Tower!"
"Player 1 plays Flying Machine over the river.","Flying Machine hovers into range — tricky air play by Player 1!"
"Player 2 freezes both tower and troops!","Massive Freeze! Player 2 locks down everything at once!"
"Player 1’s left tower drops to 200 HP!","That tower is barely standing — just 200 HP left!"
"Player 2 places Goblin Hut in the back.","Goblin Hut is live — a slow spawn approach by Player 2!"
"Player 1 fires Rocket at the tower and troops.","Boom! Player 1 lands a high-value Rocket hit!"
"Player 2 drops Skeleton Dragons on defense.","The Skeleton Dragons swoop in — flames on the way!"
"Player 1 casts Rage on bridge push.","The push is raging forward — Player 1 wants to end it now!"
"Player 2 zaps the Bats mid-air.","Perfect timing — Player 2 zaps the Bats before they touch down!"
"Player 1 places Ice Wizard in the back.","Ice Wizard joins the field — control incoming!"
"Player 2 responds with Sparky in the corner.","Sparky charges up — Player 2 building for a big blast!"
"Player 1 uses Balloon on the left lane.","Balloon floats toward the tower — will Player 2 defend in time?"
"Player 2 plays Magic Archer to snipe support.","Magic Archer lines it up — piercing through the backline!"
"Player 1’s King Tower is down to 1000 HP!","It's getting dangerous! Player 1’s King Tower is at 1K HP!"
"Player 2 spams bridge with Goblin Gang.","Bridge spam! Goblin Gang floods forward in a fast counter!"
"Player 1 uses Elixir Golem in the back.","Elixir Golem deployed — risk and reward for Player 1!"
"Player 2 answers with Fisherman in the center.","Fisherman hooks a target — pulling the frontline apart!"
"Player 1 casts Snowball on defense.","Snowball slows them down — clutch defense from Player 1!"
"Player 2 drops Mother Witch near the tower.","Mother Witch is ready — curse incoming for Player 2!"
"Player 1 uses Heal Spirit to sustain push.","Heal Spirit jumps in — recovery on the push from Player 1!"
"Player 2 counters with Hunter near the bridge.","Hunter blasts from close range — Player 2 stops the advance!"
"Player 1 plays Phoenix from the back.","Phoenix is rising! A fiery return could be coming!"
"Player 2's right tower gets destroyed!","Huge swing! Player 2’s right tower is obliterated!"
"Player 1 drops Royal Giant at the bridge.","Royal Giant barrels down the bridge — heavy pressure from Player 1!"
"Player 2 counters with Mini P.E.K.K.A.","Mini P.E.K.K.A arrives — ready to chop through the big guy!"
"Player 1 casts Lightning on three troops.","Zap! Three troops gone — value Lightning by Player 1!"
"Player 2 cycles back to Tesla.","Tesla rises again — Player 2 relying on structure control!"
"Player 1 uses Giant Skeleton on defense.","Giant Skeleton waddles in — he's bringing the boom!"
"Player 2 sends Ram Rider on the right.","Ram Rider charges — can Player 1 hold the lane?"
"Player 1 plays Electro Dragon in the back.","Sparks fly as Electro Dragon enters the arena!"
"Player 2 freezes the entire push!","Everything's frozen! Player 2 just bought some time!"
"Player 1’s Princess Tower is destroyed!","The crowd goes wild — Player 1’s Princess Tower is down!"
"Player 2 logs the Goblins.","Clean sweep! Player 2 uses Log to erase the Goblins!"
"Player 1 places Bomb Tower at the center.","Bomb Tower is ready to explode any incoming threat!"
"Player 2 tries to kite with Ice Golem.","Ice Golem pulls them away — perfect kite technique!"
"Player 1 plays Royal Recruits split lane.","Recruits split — pressure on both sides from Player 1!"
"Player 2 deploys Electro Wizard on defense.","Zap zap! Electro Wizard shuts the push down!"
"Player 1 sends in Elite Barbarians.","Elite Barbarians sprint toward the tower — massive threat!"
"Player 2 plays Magic Archer diagonally.","Perfect angle! Magic Archer pierces through the line!"
"Player 1 poisons the tower and troops.","Poison value! The whole area melts slowly!"
"Player 2’s tower drops to double digits!","Just a few HP left — Player 2 clings to hope!"
"Player 1 kites with Skeletons.","1-elixir defense — Skeletons do their job again!"
"Player 2 drops Goblin Cage.","Goblin Cage ready — defensive response from Player 2!"
"Player 1 places Archers in the back.","Classic opener — Archers deployed for control!"
"Player 2 uses Tornado to pull the Balloon.","Balloon sucked into the center — perfect Tornado!"
"Player 1 sends Miner to the corner.","Sneaky Miner! Targeting that safe zone!"
"Player 2 logs for chip damage.","Chip and cycle — Player 2 keeps poking the tower!"
"Player 1 casts Rage on the left push.","Troops go berserk! Rage pushes the tempo!"
"Player 2 plays Electro Giant at the bridge.","Electro Giant leads the charge — high-risk play by Player 2!"
"Player 1 places Night Witch behind the King Tower.","Bats will follow — Night Witch sets up a big push!"
"Player 2’s King Tower is destroyed!","It’s over! Player 2’s King Tower crumbles!"
"Player 1 wins the match!","Victory for Player 1! What a well-fought game!"
"Player 2 surrenders the match.","That's it — Player 2 throws in the towel!"
